category,id,title,steps,pearls,has_meds
black,black_193,Non-EMS System Medical Interveners,3,0,False
blue,blue_023,Pre-Intubation Checklist,7,0,False
blue,blue_024,Airway Algorithm,0,0,False
blue,blue_025,Confirmation and Monitoring of Advanced Airways,5,0,False
blue,blue_026,Failed Intubation Algorithm,0,0,False
blue,blue_027,Post Intubation / BIAD Pain Control,4,0,True
blue,blue_028_029_030,Respiratory Distress with Bronchospasm,12,2,True
blue,blue_031,Anxiolysis in CPAP,3,0,True
blue,blue_032,Pulmonary Edema (without shock),13,0,True
blue,blue_033,Pulmonary Hypertension Complications,4,1,False
blue,blue_034_035,Surgical Cricothyrotomy,20,0,False
blue,blue_036_037,Tracheostomy Care,18,2,True
brown,brown_009_010_011_012_013_014,Foreword,2,0,False
gold,gold_075_076_077_078,Allergy / Anaphylaxis,18,1,True
gold,gold_079,Altered Level of Consciousness,9,0,True
gold,gold_080_081,Diabetic/Hypoglycemic Emergencies,10,1,True
gold,gold_082_083,Seizure,13,3,True
gold,gold_084_085_086_087,Stroke,11,2,True
gold,gold_088_089_090,Medical Shock,8,3,True
gold,gold_091,Abdominal Pain,7,0,True
gold,gold_092,Nausea and Vomiting,7,1,True
gold,gold_093_094,Fever,6,2,True
green,green_095_096,Trauma Triage,0,1,False
green,green_097_098_099,Spine Assessment & Management,3,1,False
green,green_100,Glasgow Coma Scale,0,0,False
green,green_101,Chest Trauma,11,1,False
green,green_102_103_104_105,Head Trauma,17,4,False
green,green_106,Hemorrhage,8,0,False
green,green_107_108_109,Hemorrhagic Shock,11,2,True
green,green_110_111,Burn,11,1,True
green,green_112_113_114_115,Universal Pain Management,14,1,True
green,green_116,Termination of Resuscitation for Traumatic Cardiac Arrest,5,1,False
green,green_117,Crush Injury,8,1,True
green,green_118,Facial / Dental Injury,7,0,False
green,green_119,Ophthalmology,8,1,False
green,green_120,Open Fractures,10,1,True
green,green_121,Strangulation,7,1,False
grey,grey_158_159,Minimum Landing Zone,0,0,False
grey,grey_160_161_162_163_164,Do Not Resuscitate Guidelines,6,1,False
grey,grey_165_166_167,Pre-hospital Management of Hospice Patients,10,1,True
grey,grey_168_169,Death Situations for Emergency Responders,0,0,False
grey,grey_170,Maine Death With Dignity Law,0,1,False
grey,grey_171,Bariatric Patients,0,1,False
grey,grey_172_173_174,Mass Casualty / Disasters/Hazmat,9,0,False
grey,grey_175,Sexual Assault Victim,13,0,False
grey,grey_176_177,Child Abuse Management and Reporting,16,0,False
grey,grey_178,"Adult Abuse, and Intoxicated Drivers",0,0,False
grey,grey_179_180,Transport Protocol,8,0,False
grey,grey_181,Protective Headgear Removal,0,0,False
grey,grey_182,Crime Scenes,0,0,False
grey,grey_183,Defibrillation / Cardioversion Settings,0,0,False
grey,grey_184,Baby Safe Haven Laws,5,0,False
grey,grey_185,Safe Response & Transport,11,0,False
grey,grey_186_187,Care of the Deaf and Hard of Hearing,6,0,False
grey,grey_188,Care of the Visually Impaired and Blind,9,0,False
grey,grey_189,Maine EMS Medication List,0,0,False
grey,grey_190_191_192,Telephone / Radio Reference/ Contact Numbers,0,0,False
lavender,lavender_145,Obstetric Emergencies,16,1,False
lavender,lavender_146_147,Child Birth,13,0,False
lavender,lavender_148,Newborn Metrics / APGAR & O2 Saturation,0,0,False
lavender,lavender_149,Newborn Resuscitation,0,1,False
od-green,od-green_195,Operational K9 Protocols Intro,0,0,False
od-green,od-green_196_197,Operational K9 Restraint,9,0,False
od-green,od-green_198_199,Operational K9 Airway Obstruction,8,0,False
od-green,od-green_200_201,Operational K9 Airway Management,6,0,False
od-green,od-green_202_203,Operational K9 Surgical Airway,20,0,False
od-green,od-green_204_205,Operational K9 Cardiac Arrest,14,1,True
od-green,od-green_206,Operational K9 Post-Resuscitation Care,8,0,True
od-green,od-green_207,Operational K9 Hemorrhage Control,5,0,False
od-green,od-green_208,Operational K9 Hemorrhagic Shock,5,0,True
od-green,od-green_209,Operational K9 Chest Trauma,8,0,True
od-green,od-green_210,Operational K9 Burns,10,0,True
od-green,od-green_211,Operational K9 Opioid Overdose,7,0,True
od-green,od-green_212,Operational K9 CO/CN Exposure / Smoke Inhalation,5,0,True
od-green,od-green_213,Operational K9 Nerve Agent / Organophosphate / Carbamate Exposure,7,1,False
od-green,od-green_214_215_216,Operational K9 Heat Illness,25,0,True
od-green,od-green_217,Operational K9 Anaphylaxis,13,1,True
od-green,od-green_218,Operational K9 Gastric Dilation and Volvulus,8,1,True
od-green,od-green_219,Operational K9 M³ARCH² PEDALS,0,0,False
od-green,od-green_220,Operational K9 Casualty Card,0,0,False
od-green,od-green_221,Operational K9 Normal Vitals & Glasgow Coma Score,0,0,False
od-green,od-green_222,Operational K9 Equipment Reference,0,0,False
od-green,od-green_223,Operational K9 Formulary (for 30 kg K9),6,0,False
orange,orange_150_151,Transport of Mentally Ill Patients,0,0,False
orange,orange_152,Depression / Suicidal Ideation,9,1,False
orange,orange_153,Restraints,14,1,False
orange,orange_154_155_156,Hyperactive Delirium with Severe Agitation,10,1,True
orange,orange_157,Care of the Person Experiencing Homelessness,9,0,False
pink,pink_137,Brief Resolved Unexplained Event,3,1,False
pink,pink_138,Pediatric Respiratory Distress with Inspiratory Stridor,6,1,True
pink,pink_139,Neonatal and Young Infant Fever,5,1,False
pink,pink_140_141,Normal Pediatric Vital Signs,0,0,False
pink,pink_142,Pediatric Specific Equipment Sizes,0,0,False
pink,pink_143_144,Pediatric Transportation,15,1,False
purple,purple_015_016_017_018_019_020_021_022,Definitions,2,0,True
red,red_038,Chest Pain - General,0,0,False
red,red_039_040_041,Chest Pain - Suspected Cardiac Origin / STEMI Criteria,17,0,True
red,red_042,Guidelines to the Prehospital Use of 12-Lead ECGs by the ALS Clinician,4,0,False
red,red_043,Chest Pain - Fibrinolytic Checklist,0,0,False
red,red_044,Chest Pain - Uncertain Etiology,10,0,False
red,red_045,Cardiac Arrest Overview,0,0,False
red,red_046_047_048_049,Adult Cardiac Arrest,26,2,True
red,red_050,Refractory VF / VT,3,0,False
red,red_051_052,Termination of Resuscitation,16,0,False
red,red_053_054,Adult Post-Resuscitation Care & Checklist,11,0,True
red,red_055_056_057,Pediatric Cardiac Arrest,21,1,True
red,red_058,Pediatric Post-Resuscitation Care,9,0,True
red,red_059,Pediatric Cardiac Arrest Medications and Dosages,0,0,False
red,red_060_061_062,Adult Tachycardia,12,0,True
red,red_063_064_065,Pediatric Tachycardia,16,0,True
red,red_066_067,Adult Bradycardia,12,1,True
red,red_068,Pediatric Bradycardia,13,0,True
red,red_069,Cardiogenic Shock,8,1,True
red,red_070,Syncope,10,1,True
red,red_071_072,Ventricular Assist Devices,9,1,False
red,red_073_074,Hyperkalemia,7,1,True
yellow,yellow_122_123_124,Poisoning / Overdose,17,1,True
yellow,yellow_125,Naloxone Dispensation,4,1,False
yellow,yellow_126_127,Alcohol Intoxication / Severe Alcohol Withdrawal,11,1,True
yellow,yellow_128,Nerve Agent / Organophosphate / Carbamate Poisoning,11,1,False
yellow,yellow_129_130,Cyanide / CO Exposure,9,1,True
yellow,yellow_131,Radiation Injuries,11,1,False
yellow,yellow_132,Severe Hypothermia WITH Signs of Life,9,0,True
yellow,yellow_133,Severe Hypothermia WITHOUT Signs of Life,7,1,True
yellow,yellow_134_135,Hyperthermia - Heat Exhaustion / Heat Stroke,10,1,False
yellow,yellow_136,Drowning/Submersion Injuries,11,1,False
